{"Train Loss": 0.7165005803108215, "_timestamp": 1704196444.0826793, "_runtime": 632.7573232650757, "_step": 5999}